,id,period,text,homeAway,scoringPlay,athlete,coordinate,shootingPlay,type,isFreeThrow,x,y,clck,prd,awyScr,hmScr,txt,tm,sq,plyTypId,scrng
0,4008285092,"{'number': 1, 'displayValue': '1st Quarter'}",Andrew Bogut makes two point shot (Stephen Curry assists),away,True,"{'id': '2747', 'name': 'Andrew Bogut'}","{'x': 25, 'y': 0}",True,"{'id': '118', 'txt': 'Alley Oop Dunk Shot'}",,25,0,11:42,1,2,0,Andrew Bogut makes two point shot (Stephen Curry assists),9,2,118,True
1,4008285093,"{'number': 1, 'displayValue': '1st Quarter'}",LeBron James makes two point shot (Kevin Love assists),home,True,"{'id': '1966', 'name': 'LeBron James'}","{'x': 24, 'y': 1}",True,"{'id': '126', 'txt': 'Layup Driving Reverse'}",,24,1,11:15,1,2,2,LeBron James makes two point shot (Kevin Love assists),5,3,126,True
2,4008285094,"{'number': 1, 'displayValue': '1st Quarter'}",Stephen Curry makes 28-foot  three point jumper ,away,True,"{'id': '3975', 'name': 'Stephen Curry'}","{'x': 13, 'y': 25}",True,"{'id': '92', 'txt': 'Jump Shot'}",,13,25,11:03,1,5,2,Stephen Curry makes 28-foot  three point jumper ,9,4,92,True
3,4008285095,"{'number': 1, 'displayValue': '1st Quarter'}",Kyrie Irving  misses driving layup,home,,"{'id': '6442', 'name': 'Kyrie Irving'}","{'x': 24, 'y': 2}",True,"{'id': '110', 'txt': 'Driving Layup Shot'}",,24,2,10:40,1,5,2,Kyrie Irving  misses driving layup,5,5,110,
4,4008285097,"{'number': 1, 'displayValue': '1st Quarter'}",Klay Thompson makes 19-foot two point shot,away,True,"{'id': '6475', 'name': 'Klay Thompson'}","{'x': 11, 'y': 12}",True,"{'id': '131', 'txt': 'Pullup Jump Shot'}",,11,12,10:27,1,7,2,Klay Thompson makes 19-foot two point shot,9,7,131,True
5,4008285098,"{'number': 1, 'displayValue': '1st Quarter'}",Kevin Love  misses 22-foot jumper,home,,"{'id': '3449', 'name': 'Kevin Love'}","{'x': 23, 'y': 22}",True,"{'id': '92', 'txt': 'Jump Shot'}",,23,22,10:17,1,7,2,Kevin Love  misses 22-foot jumper,5,8,92,
6,40082850910,"{'number': 1, 'displayValue': '1st Quarter'}",Klay Thompson makes 24-foot  three point jumper  (Draymond Green assists),away,True,"{'id': '6475', 'name': 'Klay Thompson'}","{'x': 42, 'y': 18}",True,"{'id': '92', 'txt': 'Jump Shot'}",,42,18,10:10,1,10,2,Klay Thompson makes 24-foot  three point jumper  (Draymond Green assists),9,10,92,True
7,40082850916,"{'number': 1, 'displayValue': '1st Quarter'}",Stephen Curry makes two point shot,away,True,"{'id': '3975', 'name': 'Stephen Curry'}","{'x': 23, 'y': 0}",True,"{'id': '109', 'txt': 'Running Layup Shot'}",,23,0,9:48,1,12,2,Stephen Curry makes two point shot,9,16,109,True
8,40082850917,"{'number': 1, 'displayValue': '1st Quarter'}",Kyrie Irving  misses two point shot,home,,"{'id': '6442', 'name': 'Kyrie Irving'}","{'x': 25, 'y': 5}",True,"{'id': '130', 'txt': 'Floating Jump Shot'}",,25,5,9:33,1,12,2,Kyrie Irving  misses two point shot,5,17,130,
9,40082850919,"{'number': 1, 'displayValue': '1st Quarter'}",Klay Thompson  misses 24-foot three point jumper ,away,,"{'id': '6475', 'name': 'Klay Thompson'}","{'x': 23, 'y': 24}",True,"{'id': '92', 'txt': 'Jump Shot'}",,23,24,9:22,1,12,2,Klay Thompson  misses 24-foot three point jumper ,9,19,92,
10,40082850921,"{'number': 1, 'displayValue': '1st Quarter'}",Timofey Mozgov makes 6-foot two point shot (LeBron James assists),home,True,"{'id': '4298', 'name': 'Timofey Mozgov'}","{'x': 23, 'y': 6}",True,"{'id': '93', 'txt': 'Hook Shot'}",,23,6,9:02,1,12,4,Timofey Mozgov makes 6-foot two point shot (LeBron James assists),5,21,93,True
11,40082850923,"{'number': 1, 'displayValue': '1st Quarter'}",Andrew Bogut misses free throw 1 of 2,away,,"{'id': '2747', 'name': 'Andrew Bogut'}","{'x': 25, 'y': -8}",True,"{'id': '98', 'txt': 'Free Throw - 1 of 2'}",True,25,-8,8:51,1,12,4,Andrew Bogut misses free throw 1 of 2,9,23,98,
12,40082850925,"{'number': 1, 'displayValue': '1st Quarter'}",Andrew Bogut misses free throw 2 of 2,away,,"{'id': '2747', 'name': 'Andrew Bogut'}","{'x': 25, 'y': -8}",True,"{'id': '99', 'txt': 'Free Throw - 2 of 2'}",True,25,-8,8:51,1,12,4,Andrew Bogut misses free throw 2 of 2,9,25,99,
13,40082850928,"{'number': 1, 'displayValue': '1st Quarter'}",LeBron James  misses 25-foot three point jumper ,home,,"{'id': '1966', 'name': 'LeBron James'}","{'x': 20, 'y': 24}",True,"{'id': '92', 'txt': 'Jump Shot'}",,20,24,8:36,1,12,4,LeBron James  misses 25-foot three point jumper ,5,28,92,
14,40082850930,"{'number': 1, 'displayValue': '1st Quarter'}",Draymond Green  misses 25-foot three point jumper ,away,,"{'id': '6589', 'name': 'Draymond Green'}","{'x': 12, 'y': 21}",True,"{'id': '92', 'txt': 'Jump Shot'}",,12,21,8:22,1,12,4,Draymond Green  misses 25-foot three point jumper ,9,30,92,
15,40082850934,"{'number': 1, 'displayValue': '1st Quarter'}",Andrew Bogut  misses 6-foot two point shot,away,,"{'id': '2747', 'name': 'Andrew Bogut'}","{'x': 27, 'y': 5}",True,"{'id': '130', 'txt': 'Floating Jump Shot'}",,27,5,8:06,1,12,4,Andrew Bogut  misses 6-foot two point shot,9,34,130,
16,40082850937,"{'number': 1, 'displayValue': '1st Quarter'}",J.R. Smith misses free throw 1 of 2,home,,"{'id': '2444', 'name': 'JR Smith'}","{'x': 25, 'y': -8}",True,"{'id': '98', 'txt': 'Free Throw - 1 of 2'}",True,25,-8,7:48,1,12,4,J.R. Smith misses free throw 1 of 2,5,37,98,
17,40082850939,"{'number': 1, 'displayValue': '1st Quarter'}",J.R. Smith makes free throw 2 of 2,home,True,"{'id': '2444', 'name': 'JR Smith'}","{'x': 25, 'y': -8}",True,"{'id': '99', 'txt': 'Free Throw - 2 of 2'}",True,25,-8,7:48,1,12,5,J.R. Smith makes free throw 2 of 2,5,39,99,True
18,40082850941,"{'number': 1, 'displayValue': '1st Quarter'}",Harrison Barnes makes 27-foot  three point jumper  (Draymond Green assists),away,True,"{'id': '6578', 'name': 'Harrison Barnes'}","{'x': 1, 'y': 12}",True,"{'id': '92', 'txt': 'Jump Shot'}",,1,12,7:30,1,15,5,Harrison Barnes makes 27-foot  three point jumper  (Draymond Green assists),9,41,92,True
19,40082850942,"{'number': 1, 'displayValue': '1st Quarter'}",J.R. Smith  misses two point shot,home,,"{'id': '2444', 'name': 'JR Smith'}","{'x': 25, 'y': 4}",True,"{'id': '130', 'txt': 'Floating Jump Shot'}",,25,4,7:15,1,15,5,J.R. Smith  misses two point shot,5,42,130,
20,40082850944,"{'number': 1, 'displayValue': '1st Quarter'}",Timofey Mozgov makes 17-foot jumper (J.R. Smith assists),home,True,"{'id': '4298', 'name': 'Timofey Mozgov'}","{'x': 19, 'y': 15}",True,"{'id': '92', 'txt': 'Jump Shot'}",,19,15,7:03,1,15,7,Timofey Mozgov makes 17-foot jumper (J.R. Smith assists),5,44,92,True
21,40082850945,"{'number': 1, 'displayValue': '1st Quarter'}",Stephen Curry  misses 25-foot  ,away,,"{'id': '3975', 'name': 'Stephen Curry'}","{'x': 6, 'y': 16}",True,"{'id': '132', 'txt': 'Step Back Jump Shot'}",,6,16,6:46,1,15,7,Stephen Curry  misses 25-foot  ,9,45,132,
22,40082850947,"{'number': 1, 'displayValue': '1st Quarter'}",Timofey Mozgov makes two point shot (LeBron James assists),home,True,"{'id': '4298', 'name': 'Timofey Mozgov'}","{'x': 19, 'y': 0}",True,"{'id': '93', 'txt': 'Hook Shot'}",,19,0,6:30,1,15,9,Timofey Mozgov makes two point shot (LeBron James assists),5,47,93,True
23,40082850948,"{'number': 1, 'displayValue': '1st Quarter'}",Draymond Green  misses layup,away,,"{'id': '6589', 'name': 'Draymond Green'}","{'x': 24, 'y': 1}",True,"{'id': '95', 'txt': 'Layup Shot'}",,24,1,6:11,1,15,9,Draymond Green  misses layup,9,48,95,
24,40082850950,"{'number': 1, 'displayValue': '1st Quarter'}",J.R. Smith makes 6-foot two point shot,home,True,"{'id': '2444', 'name': 'JR Smith'}","{'x': 31, 'y': 2}",True,"{'id': '131', 'txt': 'Pullup Jump Shot'}",,31,2,6:01,1,15,11,J.R. Smith makes 6-foot two point shot,5,50,131,True
25,40082850955,"{'number': 1, 'displayValue': '1st Quarter'}",Stephen Curry makes 24-foot  three point jumper  (Andre Iguodala assists),away,True,"{'id': '3975', 'name': 'Stephen Curry'}","{'x': 46, 'y': 12}",True,"{'id': '92', 'txt': 'Jump Shot'}",,46,12,5:48,1,18,11,Stephen Curry makes 24-foot  three point jumper  (Andre Iguodala assists),9,55,92,True
26,40082850956,"{'number': 1, 'displayValue': '1st Quarter'}",Draymond Green blocks Timofey Mozgov's   ,home,,"{'id': '4298', 'name': 'Timofey Mozgov'}","{'x': 25, 'y': -8}",True,"{'id': '109', 'txt': 'Running Layup Shot'}",,25,-8,5:24,1,18,11,Draymond Green blocks Timofey Mozgov's   ,5,56,109,
27,40082850957,"{'number': 1, 'displayValue': '1st Quarter'}",Andre Iguodala makes  three point jumper  (Draymond Green assists),away,True,"{'id': '2386', 'name': 'Andre Iguodala'}","{'x': 48, 'y': -1}",True,"{'id': '92', 'txt': 'Jump Shot'}",,48,-1,5:00,1,21,11,Andre Iguodala makes  three point jumper  (Draymond Green assists),9,57,92,True
28,40082850963,"{'number': 1, 'displayValue': '1st Quarter'}",LeBron James  misses 20-foot jumper,home,,"{'id': '1966', 'name': 'LeBron James'}","{'x': 14, 'y': 17}",True,"{'id': '92', 'txt': 'Jump Shot'}",,14,17,4:31,1,21,11,LeBron James  misses 20-foot jumper,5,63,92,
29,40082850969,"{'number': 1, 'displayValue': '1st Quarter'}",LeBron James makes layup (Matthew Dellavedova assists),home,True,"{'id': '1966', 'name': 'LeBron James'}","{'x': 24, 'y': 0}",True,"{'id': '95', 'txt': 'Layup Shot'}",,24,0,4:03,1,21,13,LeBron James makes layup (Matthew Dellavedova assists),5,69,95,True
30,40082850970,"{'number': 1, 'displayValue': '1st Quarter'}",Festus Ezeli makes two point shot (Draymond Green assists),away,True,"{'id': '6587', 'name': 'Festus Ezeli'}","{'x': 25, 'y': 0}",True,"{'id': '118', 'txt': 'Alley Oop Dunk Shot'}",,25,0,3:48,1,23,13,Festus Ezeli makes two point shot (Draymond Green assists),9,70,118,True
31,40082850971,"{'number': 1, 'displayValue': '1st Quarter'}",J.R. Smith makes two point shot,home,True,"{'id': '2444', 'name': 'JR Smith'}","{'x': 42, 'y': 0}",True,"{'id': '132', 'txt': 'Step Back Jump Shot'}",,42,0,3:25,1,23,15,J.R. Smith makes two point shot,5,71,132,True
32,40082850972,"{'number': 1, 'displayValue': '1st Quarter'}",Festus Ezeli makes dunk (Draymond Green assists),away,True,"{'id': '6587', 'name': 'Festus Ezeli'}","{'x': 25, 'y': 0}",True,"{'id': '96', 'txt': 'Dunk Shot'}",,25,0,3:10,1,25,15,Festus Ezeli makes dunk (Draymond Green assists),9,72,96,True
33,40082850973,"{'number': 1, 'displayValue': '1st Quarter'}",Matthew Dellavedova  misses 6-foot step back jumpshot,home,,"{'id': '2489716', 'name': 'Matthew Dellavedova'}","{'x': 23, 'y': 6}",True,"{'id': '132', 'txt': 'Step Back Jump Shot'}",,23,6,2:48,1,25,15,Matthew Dellavedova  misses 6-foot step back jumpshot,5,73,132,
34,40082850975,"{'number': 1, 'displayValue': '1st Quarter'}",Kevin Love  misses step back jumpshot,home,,"{'id': '3449', 'name': 'Kevin Love'}","{'x': 34, 'y': -1}",True,"{'id': '132', 'txt': 'Step Back Jump Shot'}",,34,-1,2:44,1,25,15,Kevin Love  misses step back jumpshot,5,75,132,
35,40082850978,"{'number': 1, 'displayValue': '1st Quarter'}",Draymond Green misses free throw 1 of 2,away,,"{'id': '6589', 'name': 'Draymond Green'}","{'x': 25, 'y': -8}",True,"{'id': '98', 'txt': 'Free Throw - 1 of 2'}",True,25,-8,2:38,1,25,15,Draymond Green misses free throw 1 of 2,9,78,98,
36,40082850981,"{'number': 1, 'displayValue': '1st Quarter'}",Draymond Green makes free throw 2 of 2,away,True,"{'id': '6589', 'name': 'Draymond Green'}","{'x': 25, 'y': -8}",True,"{'id': '99', 'txt': 'Free Throw - 2 of 2'}",True,25,-8,2:38,1,26,15,Draymond Green makes free throw 2 of 2,9,81,99,True
37,40082850985,"{'number': 1, 'displayValue': '1st Quarter'}",J.R. Smith makes 11-foot two point shot,home,True,"{'id': '2444', 'name': 'JR Smith'}","{'x': 18, 'y': 8}",True,"{'id': '114', 'txt': 'Turnaround Jump Shot'}",,18,8,2:20,1,26,17,J.R. Smith makes 11-foot two point shot,5,85,114,True
38,40082850990,"{'number': 1, 'displayValue': '1st Quarter'}",J.R. Smith makes two point shot (LeBron James assists),home,True,"{'id': '2444', 'name': 'JR Smith'}","{'x': 25, 'y': 1}",True,"{'id': '112', 'txt': 'Reverse Layup Shot'}",,25,1,1:28,1,28,19,J.R. Smith makes two point shot (LeBron James assists),5,90,112,True
39,40082850991,"{'number': 1, 'displayValue': '1st Quarter'}",Stephen Curry makes 27-foot  three point jumper ,away,True,"{'id': '3975', 'name': 'Stephen Curry'}","{'x': 20, 'y': 27}",True,"{'id': '92', 'txt': 'Jump Shot'}",,20,27,1:17,1,31,19,Stephen Curry makes 27-foot  three point jumper ,9,91,92,True
40,40082850995,"{'number': 1, 'displayValue': '1st Quarter'}",Stephen Curry makes 24-foot  three point jumper  (Leandro Barbosa assists),away,True,"{'id': '3975', 'name': 'Stephen Curry'}","{'x': 46, 'y': 12}",True,"{'id': '92', 'txt': 'Jump Shot'}",,46,12,58.0,1,34,19,Stephen Curry makes 24-foot  three point jumper  (Leandro Barbosa assists),9,95,92,True
41,40082850996,"{'number': 1, 'displayValue': '1st Quarter'}",LeBron James  misses driving layup,home,,"{'id': '1966', 'name': 'LeBron James'}","{'x': 26, 'y': 0}",True,"{'id': '110', 'txt': 'Driving Layup Shot'}",,26,0,42.0,1,34,19,LeBron James  misses driving layup,5,96,110,
42,400828509101,"{'number': 1, 'displayValue': '1st Quarter'}",LeBron James makes two point shot,home,True,"{'id': '1966', 'name': 'LeBron James'}","{'x': 25, 'y': 0}",True,"{'id': '116', 'txt': 'Running Dunk Shot'}",,25,0,29.0,1,34,21,LeBron James makes two point shot,5,101,116,True
43,400828509102,"{'number': 1, 'displayValue': '1st Quarter'}",Harrison Barnes  misses three point jumper ,away,,"{'id': '6578', 'name': 'Harrison Barnes'}","{'x': 48, 'y': -1}",True,"{'id': '92', 'txt': 'Jump Shot'}",,48,-1,7.0,1,34,21,Harrison Barnes  misses three point jumper ,9,102,92,
44,400828509109,"{'number': 2, 'displayValue': '2nd Quarter'}",Kyrie Irving  misses 21-foot jumper,home,,"{'id': '6442', 'name': 'Kyrie Irving'}","{'x': 20, 'y': 20}",True,"{'id': '92', 'txt': 'Jump Shot'}",,20,20,11:45,2,34,21,Kyrie Irving  misses 21-foot jumper,5,109,92,
45,400828509111,"{'number': 2, 'displayValue': '2nd Quarter'}",Harrison Barnes  misses 19-foot jumper,away,,"{'id': '6578', 'name': 'Harrison Barnes'}","{'x': 14, 'y': 16}",True,"{'id': '92', 'txt': 'Jump Shot'}",,14,16,11:30,2,34,21,Harrison Barnes  misses 19-foot jumper,9,111,92,
46,400828509113,"{'number': 2, 'displayValue': '2nd Quarter'}",Iman Shumpert makes 18-foot jumper,home,True,"{'id': '6468', 'name': 'Iman Shumpert'}","{'x': 16, 'y': 16}",True,"{'id': '92', 'txt': 'Jump Shot'}",,16,16,11:14,2,34,23,Iman Shumpert makes 18-foot jumper,5,113,92,True
47,400828509114,"{'number': 2, 'displayValue': '2nd Quarter'}",Harrison Barnes makes 9-foot two point shot,away,True,"{'id': '6578', 'name': 'Harrison Barnes'}","{'x': 32, 'y': 6}",True,"{'id': '137', 'txt': 'Turnaround Fade Away Jump Shot'}",,32,6,10:52,2,36,23,Harrison Barnes makes 9-foot two point shot,9,114,137,True
48,400828509115,"{'number': 2, 'displayValue': '2nd Quarter'}",Kyrie Irving  misses 8-foot two point shot,home,,"{'id': '6442', 'name': 'Kyrie Irving'}","{'x': 28, 'y': 8}",True,"{'id': '130', 'txt': 'Floating Jump Shot'}",,28,8,10:41,2,36,23,Kyrie Irving  misses 8-foot two point shot,5,115,130,
49,400828509118,"{'number': 2, 'displayValue': '2nd Quarter'}",Andre Iguodala makes two point shot (Leandro Barbosa assists),away,True,"{'id': '2386', 'name': 'Andre Iguodala'}","{'x': 25, 'y': 0}",True,"{'id': '116', 'txt': 'Running Dunk Shot'}",,25,0,10:32,2,38,23,Andre Iguodala makes two point shot (Leandro Barbosa assists),9,118,116,True
50,400828509123,"{'number': 2, 'displayValue': '2nd Quarter'}",Anderson Varejao makes 15-foot jumper (Kyrie Irving assists),home,True,"{'id': '2419', 'name': 'Anderson Varejao'}","{'x': 31, 'y': 14}",True,"{'id': '92', 'txt': 'Jump Shot'}",,31,14,9:45,2,38,25,Anderson Varejao makes 15-foot jumper (Kyrie Irving assists),5,123,92,True
51,400828509128,"{'number': 2, 'displayValue': '2nd Quarter'}",Kevin Love  misses three point jumper ,home,,"{'id': '3449', 'name': 'Kevin Love'}","{'x': 49, 'y': 0}",True,"{'id': '92', 'txt': 'Jump Shot'}",,49,0,9:22,2,38,25,Kevin Love  misses three point jumper ,5,128,92,
52,400828509130,"{'number': 2, 'displayValue': '2nd Quarter'}",Draymond Green makes 24-foot  three point jumper  (Klay Thompson assists),away,True,"{'id': '6589', 'name': 'Draymond Green'}","{'x': 16, 'y': 23}",True,"{'id': '92', 'txt': 'Jump Shot'}",,16,23,9:14,2,41,25,Draymond Green makes 24-foot  three point jumper  (Klay Thompson assists),9,130,92,True
53,400828509131,"{'number': 2, 'displayValue': '2nd Quarter'}",Anderson Varejao makes 6-foot two point shot (Kyrie Irving assists),home,True,"{'id': '2419', 'name': 'Anderson Varejao'}","{'x': 23, 'y': 6}",True,"{'id': '130', 'txt': 'Floating Jump Shot'}",,23,6,9:02,2,41,27,Anderson Varejao makes 6-foot two point shot (Kyrie Irving assists),5,131,130,True
54,400828509132,"{'number': 2, 'displayValue': '2nd Quarter'}",Shaun Livingston makes jumper,away,True,"{'id': '2393', 'name': 'Shaun Livingston'}","{'x': 38, 'y': -2}",True,"{'id': '92', 'txt': 'Jump Shot'}",,38,-2,8:53,2,43,27,Shaun Livingston makes jumper,9,132,92,True
55,400828509137,"{'number': 2, 'displayValue': '2nd Quarter'}",LeBron James makes driving layup,home,True,"{'id': '1966', 'name': 'LeBron James'}","{'x': 23, 'y': 0}",True,"{'id': '110', 'txt': 'Driving Layup Shot'}",,23,0,8:37,2,43,29,LeBron James makes driving layup,5,137,110,True
56,400828509138,"{'number': 2, 'displayValue': '2nd Quarter'}",Klay Thompson  misses 11-foot jumper,away,,"{'id': '6475', 'name': 'Klay Thompson'}","{'x': 34, 'y': 6}",True,"{'id': '92', 'txt': 'Jump Shot'}",,34,6,8:15,2,43,29,Klay Thompson  misses 11-foot jumper,9,138,92,
57,400828509140,"{'number': 2, 'displayValue': '2nd Quarter'}",Kyrie Irving makes 18-foot jumper,home,True,"{'id': '6442', 'name': 'Kyrie Irving'}","{'x': 10, 'y': 10}",True,"{'id': '92', 'txt': 'Jump Shot'}",,10,10,8:04,2,43,31,Kyrie Irving makes 18-foot jumper,5,140,92,True
58,400828509141,"{'number': 2, 'displayValue': '2nd Quarter'}",Shaun Livingston makes layup (Draymond Green assists),away,True,"{'id': '2393', 'name': 'Shaun Livingston'}","{'x': 24, 'y': 0}",True,"{'id': '95', 'txt': 'Layup Shot'}",,24,0,7:50,2,45,31,Shaun Livingston makes layup (Draymond Green assists),9,141,95,True
59,400828509142,"{'number': 2, 'displayValue': '2nd Quarter'}",Anderson Varejao  misses 16-foot jumper,home,,"{'id': '2419', 'name': 'Anderson Varejao'}","{'x': 24, 'y': 16}",True,"{'id': '92', 'txt': 'Jump Shot'}",,24,16,7:35,2,45,31,Anderson Varejao  misses 16-foot jumper,5,142,92,
60,400828509148,"{'number': 2, 'displayValue': '2nd Quarter'}",LeBron James  misses 10-foot jump bank shot,home,,"{'id': '1966', 'name': 'LeBron James'}","{'x': 16, 'y': 4}",True,"{'id': '122', 'txt': 'Jump Shot Bank'}",,16,4,7:18,2,45,31,LeBron James  misses 10-foot jump bank shot,5,148,122,
61,400828509150,"{'number': 2, 'displayValue': '2nd Quarter'}",Andre Iguodala makes dunk (Stephen Curry assists),away,True,"{'id': '2386', 'name': 'Andre Iguodala'}","{'x': 25, 'y': 0}",True,"{'id': '96', 'txt': 'Dunk Shot'}",,25,0,7:11,2,47,31,Andre Iguodala makes dunk (Stephen Curry assists),9,150,96,True
62,400828509152,"{'number': 2, 'displayValue': '2nd Quarter'}",Richard Jefferson misses free throw 1 of 2,home,,"{'id': '1006', 'name': 'Richard Jefferson'}","{'x': 25, 'y': -8}",True,"{'id': '98', 'txt': 'Free Throw - 1 of 2'}",True,25,-8,6:54,2,47,31,Richard Jefferson misses free throw 1 of 2,5,152,98,
63,400828509154,"{'number': 2, 'displayValue': '2nd Quarter'}",Richard Jefferson makes free throw 2 of 2,home,True,"{'id': '1006', 'name': 'Richard Jefferson'}","{'x': 25, 'y': -8}",True,"{'id': '99', 'txt': 'Free Throw - 2 of 2'}",True,25,-8,6:54,2,47,32,Richard Jefferson makes free throw 2 of 2,5,154,99,True
64,400828509156,"{'number': 2, 'displayValue': '2nd Quarter'}",Draymond Green makes 4-foot two point shot (Shaun Livingston assists),away,True,"{'id': '6589', 'name': 'Draymond Green'}","{'x': 27, 'y': 4}",True,"{'id': '122', 'txt': 'Jump Shot Bank'}",,27,4,6:41,2,49,32,Draymond Green makes 4-foot two point shot (Shaun Livingston assists),9,156,122,True
65,400828509158,"{'number': 2, 'displayValue': '2nd Quarter'}",Draymond Green makes free throw 1 of 1,away,True,"{'id': '6589', 'name': 'Draymond Green'}","{'x': 25, 'y': -8}",True,"{'id': '97', 'txt': 'Free Throw - 1 of 1'}",True,25,-8,6:41,2,50,32,Draymond Green makes free throw 1 of 1,9,158,97,True
66,400828509160,"{'number': 2, 'displayValue': '2nd Quarter'}",Kyrie Irving  misses 17-foot jumper,home,,"{'id': '6442', 'name': 'Kyrie Irving'}","{'x': 8, 'y': 1}",True,"{'id': '92', 'txt': 'Jump Shot'}",,8,1,6:26,2,50,32,Kyrie Irving  misses 17-foot jumper,5,160,92,
67,400828509166,"{'number': 2, 'displayValue': '2nd Quarter'}",Andre Iguodala makes two point shot (Shaun Livingston assists),away,True,"{'id': '2386', 'name': 'Andre Iguodala'}","{'x': 25, 'y': 0}",True,"{'id': '116', 'txt': 'Running Dunk Shot'}",,25,0,5:52,2,52,32,Andre Iguodala makes two point shot (Shaun Livingston assists),9,166,116,True
68,400828509172,"{'number': 2, 'displayValue': '2nd Quarter'}",Kyrie Irving  misses 26-foot three point jumper ,home,,"{'id': '6442', 'name': 'Kyrie Irving'}","{'x': 6, 'y': 17}",True,"{'id': '92', 'txt': 'Jump Shot'}",,6,17,5:41,2,52,32,Kyrie Irving  misses 26-foot three point jumper ,5,172,92,
69,400828509174,"{'number': 2, 'displayValue': '2nd Quarter'}",Stephen Curry makes layup (Klay Thompson assists),away,True,"{'id': '3975', 'name': 'Stephen Curry'}","{'x': 24, 'y': 0}",True,"{'id': '95', 'txt': 'Layup Shot'}",,24,0,5:26,2,54,32,Stephen Curry makes layup (Klay Thompson assists),9,174,95,True
70,400828509176,"{'number': 2, 'displayValue': '2nd Quarter'}",Stephen Curry makes free throw 1 of 1,away,True,"{'id': '3975', 'name': 'Stephen Curry'}","{'x': 25, 'y': -8}",True,"{'id': '97', 'txt': 'Free Throw - 1 of 1'}",True,25,-8,5:26,2,55,32,Stephen Curry makes free throw 1 of 1,9,176,97,True
71,400828509178,"{'number': 2, 'displayValue': '2nd Quarter'}",Kyrie Irving  misses two point jumper,home,,"{'id': '6442', 'name': 'Kyrie Irving'}","{'x': 37, 'y': -1}",True,"{'id': '131', 'txt': 'Pullup Jump Shot'}",,37,-1,5:05,2,55,32,Kyrie Irving  misses two point jumper,5,178,131,
72,400828509182,"{'number': 2, 'displayValue': '2nd Quarter'}",Stephen Curry  misses 4-foot  ,away,,"{'id': '3975', 'name': 'Stephen Curry'}","{'x': 24, 'y': 4}",True,"{'id': '134', 'txt': 'Driving Jump Shot Bank'}",,24,4,4:52,2,55,32,Stephen Curry  misses 4-foot  ,9,182,134,
73,400828509185,"{'number': 2, 'displayValue': '2nd Quarter'}",Stephen Curry makes two point shot,away,True,"{'id': '3975', 'name': 'Stephen Curry'}","{'x': 25, 'y': -1}",True,"{'id': '109', 'txt': 'Running Layup Shot'}",,25,-1,4:31,2,57,32,Stephen Curry makes two point shot,9,185,109,True
74,400828509186,"{'number': 2, 'displayValue': '2nd Quarter'}",J.R. Smith makes 6-foot two point shot,home,True,"{'id': '2444', 'name': 'JR Smith'}","{'x': 24, 'y': 6}",True,"{'id': '130', 'txt': 'Floating Jump Shot'}",,24,6,4:09,2,57,34,J.R. Smith makes 6-foot two point shot,5,186,130,True
75,400828509187,"{'number': 2, 'displayValue': '2nd Quarter'}",Klay Thompson makes 10-foot two point shot,away,True,"{'id': '6475', 'name': 'Klay Thompson'}","{'x': 35, 'y': 3}",True,"{'id': '114', 'txt': 'Turnaround Jump Shot'}",,35,3,3:58,2,59,34,Klay Thompson makes 10-foot two point shot,9,187,114,True
76,400828509188,"{'number': 2, 'displayValue': '2nd Quarter'}",Draymond Green blocks LeBron James's  jumper,home,,"{'id': '1966', 'name': 'LeBron James'}","{'x': 25, 'y': 3}",True,"{'id': '92', 'txt': 'Jump Shot'}",,25,3,3:44,2,59,34,Draymond Green blocks LeBron James's  jumper,5,188,92,
77,400828509190,"{'number': 2, 'displayValue': '2nd Quarter'}",Klay Thompson  misses 23-foot three point jumper ,away,,"{'id': '6475', 'name': 'Klay Thompson'}","{'x': 48, 'y': 3}",True,"{'id': '92', 'txt': 'Jump Shot'}",,48,3,3:36,2,59,34,Klay Thompson  misses 23-foot three point jumper ,9,190,92,
78,400828509193,"{'number': 2, 'displayValue': '2nd Quarter'}",J.R. Smith misses free throw 1 of 2,home,,"{'id': '2444', 'name': 'JR Smith'}","{'x': 25, 'y': -8}",True,"{'id': '98', 'txt': 'Free Throw - 1 of 2'}",True,25,-8,3:31,2,59,34,J.R. Smith misses free throw 1 of 2,5,193,98,
79,400828509202,"{'number': 2, 'displayValue': '2nd Quarter'}",J.R. Smith makes free throw 2 of 2,home,True,"{'id': '2444', 'name': 'JR Smith'}","{'x': 25, 'y': -8}",True,"{'id': '99', 'txt': 'Free Throw - 2 of 2'}",True,25,-8,3:31,2,59,35,J.R. Smith makes free throw 2 of 2,5,202,99,True
80,400828509205,"{'number': 2, 'displayValue': '2nd Quarter'}",Klay Thompson makes free throw 1 of 2,away,True,"{'id': '6475', 'name': 'Klay Thompson'}","{'x': 25, 'y': -8}",True,"{'id': '98', 'txt': 'Free Throw - 1 of 2'}",True,25,-8,3:16,2,60,35,Klay Thompson makes free throw 1 of 2,9,205,98,True
81,400828509207,"{'number': 2, 'displayValue': '2nd Quarter'}",Klay Thompson makes free throw 2 of 2,away,True,"{'id': '6475', 'name': 'Klay Thompson'}","{'x': 25, 'y': -8}",True,"{'id': '99', 'txt': 'Free Throw - 2 of 2'}",True,25,-8,3:16,2,61,35,Klay Thompson makes free throw 2 of 2,9,207,99,True
82,400828509210,"{'number': 2, 'displayValue': '2nd Quarter'}",J.R. Smith  misses 15-foot jumper,home,,"{'id': '2444', 'name': 'JR Smith'}","{'x': 40, 'y': 3}",True,"{'id': '92', 'txt': 'Jump Shot'}",,40,3,2:58,2,61,35,J.R. Smith  misses 15-foot jumper,5,210,92,
83,400828509212,"{'number': 2, 'displayValue': '2nd Quarter'}",LeBron James  misses layup,home,,"{'id': '1966', 'name': 'LeBron James'}","{'x': 25, 'y': 3}",True,"{'id': '95', 'txt': 'Layup Shot'}",,25,3,2:56,2,61,35,LeBron James  misses layup,5,212,95,
84,400828509214,"{'number': 2, 'displayValue': '2nd Quarter'}",Ian Clark makes  three point jumper  (Andre Iguodala assists),away,True,"{'id': '2489785', 'name': 'Ian Clark'}","{'x': 48, 'y': -1}",True,"{'id': '92', 'txt': 'Jump Shot'}",,48,-1,2:47,2,64,35,Ian Clark makes  three point jumper  (Andre Iguodala assists),9,214,92,True
85,400828509216,"{'number': 2, 'displayValue': '2nd Quarter'}",Tristan Thompson makes free throw 1 of 2,home,True,"{'id': '6474', 'name': 'Tristan Thompson'}","{'x': 25, 'y': -8}",True,"{'id': '98', 'txt': 'Free Throw - 1 of 2'}",True,25,-8,2:20,2,64,36,Tristan Thompson makes free throw 1 of 2,5,216,98,True
86,400828509218,"{'number': 2, 'displayValue': '2nd Quarter'}",Tristan Thompson makes free throw 2 of 2,home,True,"{'id': '6474', 'name': 'Tristan Thompson'}","{'x': 25, 'y': -8}",True,"{'id': '99', 'txt': 'Free Throw - 2 of 2'}",True,25,-8,2:20,2,64,37,Tristan Thompson makes free throw 2 of 2,5,218,99,True
87,400828509221,"{'number': 2, 'displayValue': '2nd Quarter'}",Draymond Green misses free throw 1 of 2,away,,"{'id': '6589', 'name': 'Draymond Green'}","{'x': 25, 'y': -8}",True,"{'id': '98', 'txt': 'Free Throw - 1 of 2'}",True,25,-8,2:06,2,64,37,Draymond Green misses free throw 1 of 2,9,221,98,
88,400828509224,"{'number': 2, 'displayValue': '2nd Quarter'}",Draymond Green makes free throw 2 of 2,away,True,"{'id': '6589', 'name': 'Draymond Green'}","{'x': 25, 'y': -8}",True,"{'id': '99', 'txt': 'Free Throw - 2 of 2'}",True,25,-8,2:06,2,65,37,Draymond Green makes free throw 2 of 2,9,224,99,True
89,400828509230,"{'number': 2, 'displayValue': '2nd Quarter'}",LeBron James  misses 7-foot  ,home,,"{'id': '1966', 'name': 'LeBron James'}","{'x': 22, 'y': 6}",True,"{'id': '137', 'txt': 'Turnaround Fade Away Jump Shot'}",,22,6,1:24,2,65,37,LeBron James  misses 7-foot  ,5,230,137,
90,400828509233,"{'number': 2, 'displayValue': '2nd Quarter'}",Klay Thompson makes free throw 1 of 2,away,True,"{'id': '6475', 'name': 'Klay Thompson'}","{'x': 25, 'y': -8}",True,"{'id': '98', 'txt': 'Free Throw - 1 of 2'}",True,25,-8,1:15,2,66,37,Klay Thompson makes free throw 1 of 2,9,233,98,True
91,400828509235,"{'number': 2, 'displayValue': '2nd Quarter'}",Klay Thompson makes free throw 2 of 2,away,True,"{'id': '6475', 'name': 'Klay Thompson'}","{'x': 25, 'y': -8}",True,"{'id': '99', 'txt': 'Free Throw - 2 of 2'}",True,25,-8,1:15,2,67,37,Klay Thompson makes free throw 2 of 2,9,235,99,True
92,400828509238,"{'number': 2, 'displayValue': '2nd Quarter'}",J.R. Smith misses free throw 1 of 2,home,,"{'id': '2444', 'name': 'JR Smith'}","{'x': 25, 'y': -8}",True,"{'id': '98', 'txt': 'Free Throw - 1 of 2'}",True,25,-8,1:06,2,67,37,J.R. Smith misses free throw 1 of 2,5,238,98,
93,400828509240,"{'number': 2, 'displayValue': '2nd Quarter'}",J.R. Smith misses free throw 2 of 2,home,,"{'id': '2444', 'name': 'JR Smith'}","{'x': 25, 'y': -8}",True,"{'id': '99', 'txt': 'Free Throw - 2 of 2'}",True,25,-8,1:06,2,67,37,J.R. Smith misses free throw 2 of 2,5,240,99,
94,400828509243,"{'number': 2, 'displayValue': '2nd Quarter'}",Ian Clark  misses 27-foot three point jumper ,away,,"{'id': '2489785', 'name': 'Ian Clark'}","{'x': 10, 'y': 23}",True,"{'id': '92', 'txt': 'Jump Shot'}",,10,23,49.0,2,67,37,Ian Clark  misses 27-foot three point jumper ,9,243,92,
95,400828509245,"{'number': 2, 'displayValue': '2nd Quarter'}",Kevin Love makes 24-foot  three point jumper  (Matthew Dellavedova assists),home,True,"{'id': '3449', 'name': 'Kevin Love'}","{'x': 23, 'y': 24}",True,"{'id': '92', 'txt': 'Jump Shot'}",,23,24,40.0,2,67,40,Kevin Love makes 24-foot  three point jumper  (Matthew Dellavedova assists),5,245,92,True
96,400828509247,"{'number': 2, 'displayValue': '2nd Quarter'}",Draymond Green makes 24-foot  three point jumper  (Andre Iguodala assists),away,True,"{'id': '6589', 'name': 'Draymond Green'}","{'x': 45, 'y': 13}",True,"{'id': '92', 'txt': 'Jump Shot'}",,45,13,29.0,2,70,40,Draymond Green makes 24-foot  three point jumper  (Andre Iguodala assists),9,247,92,True
97,400828509248,"{'number': 2, 'displayValue': '2nd Quarter'}",J.R. Smith makes 5-foot two point shot,home,True,"{'id': '2444', 'name': 'JR Smith'}","{'x': 29, 'y': 2}",True,"{'id': '130', 'txt': 'Floating Jump Shot'}",,29,2,21.0,2,70,42,J.R. Smith makes 5-foot two point shot,5,248,130,True
98,400828509254,"{'number': 2, 'displayValue': '2nd Quarter'}",LeBron James makes driving layup,home,True,"{'id': '1966', 'name': 'LeBron James'}","{'x': 24, 'y': 1}",True,"{'id': '110', 'txt': 'Driving Layup Shot'}",,24,1,2.0,2,70,44,LeBron James makes driving layup,5,254,110,True
99,400828509255,"{'number': 2, 'displayValue': '2nd Quarter'}",Klay Thompson  misses 63-foot three point jumper ,away,,"{'id': '6475', 'name': 'Klay Thompson'}","{'x': 46, 'y': 59}",True,"{'id': '92', 'txt': 'Jump Shot'}",,46,59,0.0,2,70,44,Klay Thompson  misses 63-foot three point jumper ,9,255,92,
100,400828509262,"{'number': 3, 'displayValue': '3rd Quarter'}",Kevin Love  misses 24-foot three point jumper ,home,,"{'id': '3449', 'name': 'Kevin Love'}","{'x': 31, 'y': 24}",True,"{'id': '92', 'txt': 'Jump Shot'}",,31,24,11:26,3,72,44,Kevin Love  misses 24-foot three point jumper ,5,262,92,
101,400828509264,"{'number': 3, 'displayValue': '3rd Quarter'}",Klay Thompson makes 23-foot jumper (Stephen Curry assists),away,True,"{'id': '6475', 'name': 'Klay Thompson'}","{'x': 5, 'y': 10}",True,"{'id': '92', 'txt': 'Jump Shot'}",,5,10,11:12,3,74,44,Klay Thompson makes 23-foot jumper (Stephen Curry assists),9,264,92,True
102,400828509266,"{'number': 3, 'displayValue': '3rd Quarter'}",J.R. Smith  misses 18-foot jumper,home,,"{'id': '2444', 'name': 'JR Smith'}","{'x': 40, 'y': 11}",True,"{'id': '92', 'txt': 'Jump Shot'}",,40,11,10:45,3,74,44,J.R. Smith  misses 18-foot jumper,5,266,92,
103,400828509270,"{'number': 3, 'displayValue': '3rd Quarter'}",Harrison Barnes makes free throw 2 of 2,away,True,"{'id': '6578', 'name': 'Harrison Barnes'}","{'x': 25, 'y': -8}",True,"{'id': '104', 'txt': 'Free Throw - Flagrant 1 of 2'}",True,25,-8,10:41,3,76,44,Harrison Barnes makes free throw 2 of 2,9,270,104,True
104,400828509272,"{'number': 3, 'displayValue': '3rd Quarter'}",Harrison Barnes makes free throw 1 of 1,away,True,"{'id': '6578', 'name': 'Harrison Barnes'}","{'x': 25, 'y': -8}",True,"{'id': '105', 'txt': 'Free Throw - Flagrant 2 of 2'}",True,25,-8,10:41,3,76,44,Harrison Barnes makes free throw 1 of 1,9,272,105,True
105,400828509276,"{'number': 3, 'displayValue': '3rd Quarter'}",Stephen Curry makes 24-foot  three point jumper  (Draymond Green assists),away,True,"{'id': '3975', 'name': 'Stephen Curry'}","{'x': 38, 'y': 20}",True,"{'id': '92', 'txt': 'Jump Shot'}",,38,20,10:33,3,79,44,Stephen Curry makes 24-foot  three point jumper  (Draymond Green assists),9,276,92,True
106,400828509279,"{'number': 3, 'displayValue': '3rd Quarter'}",LeBron James  misses 25-foot three point jumper ,home,,"{'id': '1966', 'name': 'LeBron James'}","{'x': 23, 'y': 25}",True,"{'id': '92', 'txt': 'Jump Shot'}",,23,25,9:56,3,79,44,LeBron James  misses 25-foot three point jumper ,5,279,92,
107,400828509282,"{'number': 3, 'displayValue': '3rd Quarter'}",Klay Thompson  misses 27-foot three point jumper ,away,,"{'id': '6475', 'name': 'Klay Thompson'}","{'x': 4, 'y': 16}",True,"{'id': '92', 'txt': 'Jump Shot'}",,4,16,9:47,3,79,44,Klay Thompson  misses 27-foot three point jumper ,9,282,92,
108,400828509284,"{'number': 3, 'displayValue': '3rd Quarter'}",Stephen Curry  misses 26-foot three point jumper ,away,,"{'id': '3975', 'name': 'Stephen Curry'}","{'x': 3, 'y': 13}",True,"{'id': '92', 'txt': 'Jump Shot'}",,3,13,9:41,3,79,44,Stephen Curry  misses 26-foot three point jumper ,9,284,92,
109,400828509290,"{'number': 3, 'displayValue': '3rd Quarter'}",Draymond Green  misses 28-foot three point jumper ,away,,"{'id': '6589', 'name': 'Draymond Green'}","{'x': 8, 'y': 23}",True,"{'id': '92', 'txt': 'Jump Shot'}",,8,23,9:00,3,79,44,Draymond Green  misses 28-foot three point jumper ,9,290,92,
110,400828509292,"{'number': 3, 'displayValue': '3rd Quarter'}",LeBron James  misses 26-foot three point jumper ,home,,"{'id': '1966', 'name': 'LeBron James'}","{'x': 4, 'y': 16}",True,"{'id': '92', 'txt': 'Jump Shot'}",,4,16,8:52,3,79,44,LeBron James  misses 26-foot three point jumper ,5,292,92,
111,400828509294,"{'number': 3, 'displayValue': '3rd Quarter'}",Kevin Love blocks Draymond Green 's 4-foot  jumper,away,,"{'id': '6589', 'name': 'Draymond Green'}","{'x': 27, 'y': 3}",True,"{'id': '92', 'txt': 'Jump Shot'}",,27,3,8:45,3,79,44,Kevin Love blocks Draymond Green 's 4-foot  jumper,9,294,92,
112,400828509296,"{'number': 3, 'displayValue': '3rd Quarter'}",Kyrie Irving makes 25-foot  three point jumper  (Kevin Love assists),home,True,"{'id': '6442', 'name': 'Kyrie Irving'}","{'x': 45, 'y': 14}",True,"{'id': '92', 'txt': 'Jump Shot'}",,45,14,8:32,3,79,47,Kyrie Irving makes 25-foot  three point jumper  (Kevin Love assists),5,296,92,True
113,400828509302,"{'number': 3, 'displayValue': '3rd Quarter'}",Kyrie Irving makes 15-foot jumper,home,True,"{'id': '6442', 'name': 'Kyrie Irving'}","{'x': 38, 'y': 9}",True,"{'id': '92', 'txt': 'Jump Shot'}",,38,9,7:52,3,81,49,Kyrie Irving makes 15-foot jumper,5,302,92,True
114,400828509303,"{'number': 3, 'displayValue': '3rd Quarter'}",Draymond Green makes 5-foot two point shot,away,True,"{'id': '6589', 'name': 'Draymond Green'}","{'x': 24, 'y': 5}",True,"{'id': '130', 'txt': 'Floating Jump Shot'}",,24,5,7:37,3,83,49,Draymond Green makes 5-foot two point shot,9,303,130,True
115,400828509305,"{'number': 3, 'displayValue': '3rd Quarter'}",Iman Shumpert makes driving layup,home,True,"{'id': '6468', 'name': 'Iman Shumpert'}","{'x': 24, 'y': 0}",True,"{'id': '110', 'txt': 'Driving Layup Shot'}",,24,0,7:18,3,83,51,Iman Shumpert makes driving layup,5,305,110,True
116,400828509307,"{'number': 3, 'displayValue': '3rd Quarter'}",Draymond Green makes free throw 1 of 2,away,True,"{'id': '6589', 'name': 'Draymond Green'}","{'x': 25, 'y': -8}",True,"{'id': '98', 'txt': 'Free Throw - 1 of 2'}",True,25,-8,7:05,3,84,51,Draymond Green makes free throw 1 of 2,9,307,98,True
117,400828509309,"{'number': 3, 'displayValue': '3rd Quarter'}",Draymond Green misses free throw 2 of 2,away,,"{'id': '6589', 'name': 'Draymond Green'}","{'x': 25, 'y': -8}",True,"{'id': '99', 'txt': 'Free Throw - 2 of 2'}",True,25,-8,7:05,3,84,51,Draymond Green misses free throw 2 of 2,9,309,99,
118,400828509312,"{'number': 3, 'displayValue': '3rd Quarter'}",Stephen Curry  misses 26-foot three point jumper ,away,,"{'id': '3975', 'name': 'Stephen Curry'}","{'x': 4, 'y': 15}",True,"{'id': '92', 'txt': 'Jump Shot'}",,4,15,6:58,3,84,51,Stephen Curry  misses 26-foot three point jumper ,9,312,92,
119,400828509315,"{'number': 3, 'displayValue': '3rd Quarter'}",Timofey Mozgov  misses layup,home,,"{'id': '4298', 'name': 'Timofey Mozgov'}","{'x': 24, 'y': 1}",True,"{'id': '95', 'txt': 'Layup Shot'}",,24,1,6:39,3,84,51,Timofey Mozgov  misses layup,5,315,95,
120,400828509317,"{'number': 3, 'displayValue': '3rd Quarter'}",Kyrie Irving  misses 26-foot three point jumper ,home,,"{'id': '6442', 'name': 'Kyrie Irving'}","{'x': 34, 'y': 25}",True,"{'id': '92', 'txt': 'Jump Shot'}",,34,25,6:31,3,84,51,Kyrie Irving  misses 26-foot three point jumper ,5,317,92,
121,400828509319,"{'number': 3, 'displayValue': '3rd Quarter'}",Timofey Mozgov blocks Draymond Green 's 4-foot  layup,away,,"{'id': '6589', 'name': 'Draymond Green'}","{'x': 27, 'y': 3}",True,"{'id': '95', 'txt': 'Layup Shot'}",,27,3,6:24,3,84,51,Timofey Mozgov blocks Draymond Green 's 4-foot  layup,9,319,95,
122,400828509321,"{'number': 3, 'displayValue': '3rd Quarter'}",Harrison Barnes  misses 26-foot three point jumper ,away,,"{'id': '6578', 'name': 'Harrison Barnes'}","{'x': 4, 'y': 14}",True,"{'id': '92', 'txt': 'Jump Shot'}",,4,14,6:18,3,84,51,Harrison Barnes  misses 26-foot three point jumper ,9,321,92,
123,400828509324,"{'number': 3, 'displayValue': '3rd Quarter'}",Andrew Bogut  misses 9-foot jumper,away,,"{'id': '2747', 'name': 'Andrew Bogut'}","{'x': 16, 'y': 1}",True,"{'id': '92', 'txt': 'Jump Shot'}",,16,1,6:07,3,84,51,Andrew Bogut  misses 9-foot jumper,9,324,92,
124,400828509329,"{'number': 3, 'displayValue': '3rd Quarter'}",Timofey Mozgov  misses  ,home,,"{'id': '4298', 'name': 'Timofey Mozgov'}","{'x': 25, 'y': 0}",True,"{'id': '96', 'txt': 'Dunk Shot'}",,25,0,5:41,3,84,51,Timofey Mozgov  misses  ,5,329,96,
125,400828509331,"{'number': 3, 'displayValue': '3rd Quarter'}",Andre Iguodala  misses 23-foot three point jumper ,away,,"{'id': '2386', 'name': 'Andre Iguodala'}","{'x': 47, 'y': 4}",True,"{'id': '92', 'txt': 'Jump Shot'}",,47,4,5:30,3,84,51,Andre Iguodala  misses 23-foot three point jumper ,9,331,92,
126,400828509334,"{'number': 3, 'displayValue': '3rd Quarter'}",Kyrie Irving makes technical free throw,home,True,"{'id': '6442', 'name': 'Kyrie Irving'}","{'x': 25, 'y': -8}",True,"{'id': '103', 'txt': 'Free Throw - Technical'}",True,25,-8,5:22,3,84,52,Kyrie Irving makes technical free throw,5,334,103,True
127,400828509344,"{'number': 3, 'displayValue': '3rd Quarter'}",Stephen Curry makes 25-foot  three point jumper  (Andre Iguodala assists),away,True,"{'id': '3975', 'name': 'Stephen Curry'}","{'x': 1, 'y': 1}",True,"{'id': '92', 'txt': 'Jump Shot'}",,1,1,5:03,3,87,52,Stephen Curry makes 25-foot  three point jumper  (Andre Iguodala assists),9,344,92,True
128,400828509345,"{'number': 3, 'displayValue': '3rd Quarter'}",Iman Shumpert  misses 25-foot three point jumper ,home,,"{'id': '6468', 'name': 'Iman Shumpert'}","{'x': 41, 'y': 20}",True,"{'id': '92', 'txt': 'Jump Shot'}",,41,20,4:43,3,87,52,Iman Shumpert  misses 25-foot three point jumper ,5,345,92,
129,400828509349,"{'number': 3, 'displayValue': '3rd Quarter'}",Stephen Curry  misses 29-foot three point jumper ,away,,"{'id': '3975', 'name': 'Stephen Curry'}","{'x': 12, 'y': 26}",True,"{'id': '92', 'txt': 'Jump Shot'}",,12,26,4:33,3,87,52,Stephen Curry  misses 29-foot three point jumper ,9,349,92,
130,400828509351,"{'number': 3, 'displayValue': '3rd Quarter'}",LeBron James makes two point shot,home,True,"{'id': '1966', 'name': 'LeBron James'}","{'x': 24, 'y': 2}",True,"{'id': '126', 'txt': 'Layup Driving Reverse'}",,24,2,4:24,3,87,54,LeBron James makes two point shot,5,351,126,True
131,400828509352,"{'number': 3, 'displayValue': '3rd Quarter'}",Stephen Curry makes two point shot (Draymond Green assists),away,True,"{'id': '3975', 'name': 'Stephen Curry'}","{'x': 24, 'y': 0}",True,"{'id': '112', 'txt': 'Reverse Layup Shot'}",,24,0,4:09,3,89,54,Stephen Curry makes two point shot (Draymond Green assists),9,352,112,True
132,400828509353,"{'number': 3, 'displayValue': '3rd Quarter'}",James Jones makes 10-foot jumper (Kyrie Irving assists),home,True,"{'id': '2009', 'name': 'James Jones'}","{'x': 35, 'y': 1}",True,"{'id': '92', 'txt': 'Jump Shot'}",,35,1,3:54,3,89,56,James Jones makes 10-foot jumper (Kyrie Irving assists),5,353,92,True
133,400828509360,"{'number': 3, 'displayValue': '3rd Quarter'}",James Jones makes free throw 1 of 1,home,True,"{'id': '2009', 'name': 'James Jones'}","{'x': 25, 'y': -8}",True,"{'id': '97', 'txt': 'Free Throw - 1 of 1'}",True,25,-8,3:54,3,89,57,James Jones makes free throw 1 of 1,5,360,97,True
134,400828509363,"{'number': 3, 'displayValue': '3rd Quarter'}",Stephen Curry makes free throw 1 of 2,away,True,"{'id': '3975', 'name': 'Stephen Curry'}","{'x': 25, 'y': -8}",True,"{'id': '98', 'txt': 'Free Throw - 1 of 2'}",True,25,-8,3:45,3,90,57,Stephen Curry makes free throw 1 of 2,9,363,98,True
135,400828509365,"{'number': 3, 'displayValue': '3rd Quarter'}",Stephen Curry makes free throw 2 of 2,away,True,"{'id': '3975', 'name': 'Stephen Curry'}","{'x': 25, 'y': -8}",True,"{'id': '99', 'txt': 'Free Throw - 2 of 2'}",True,25,-8,3:45,3,91,57,Stephen Curry makes free throw 2 of 2,9,365,99,True
136,400828509370,"{'number': 3, 'displayValue': '3rd Quarter'}",Stephen Curry makes technical free throw,away,True,"{'id': '3975', 'name': 'Stephen Curry'}","{'x': 25, 'y': -8}",True,"{'id': '103', 'txt': 'Free Throw - Technical'}",True,25,-8,3:34,3,92,57,Stephen Curry makes technical free throw,9,370,103,True
137,400828509373,"{'number': 3, 'displayValue': '3rd Quarter'}",LeBron James makes free throw 1 of 2,home,True,"{'id': '1966', 'name': 'LeBron James'}","{'x': 25, 'y': -8}",True,"{'id': '98', 'txt': 'Free Throw - 1 of 2'}",True,25,-8,3:34,3,92,58,LeBron James makes free throw 1 of 2,5,373,98,True
138,400828509375,"{'number': 3, 'displayValue': '3rd Quarter'}",LeBron James makes free throw 2 of 2,home,True,"{'id': '1966', 'name': 'LeBron James'}","{'x': 25, 'y': -8}",True,"{'id': '99', 'txt': 'Free Throw - 2 of 2'}",True,25,-8,3:34,3,92,59,LeBron James makes free throw 2 of 2,5,375,99,True
139,400828509378,"{'number': 3, 'displayValue': '3rd Quarter'}",Draymond Green makes driving layup,away,True,"{'id': '6589', 'name': 'Draymond Green'}","{'x': 24, 'y': 1}",True,"{'id': '110', 'txt': 'Driving Layup Shot'}",,24,1,3:20,3,94,59,Draymond Green makes driving layup,9,378,110,True
140,400828509379,"{'number': 3, 'displayValue': '3rd Quarter'}",Iman Shumpert  misses 19-foot step back jumpshot,home,,"{'id': '6468', 'name': 'Iman Shumpert'}","{'x': 16, 'y': 16}",True,"{'id': '132', 'txt': 'Step Back Jump Shot'}",,16,16,2:56,3,94,59,Iman Shumpert  misses 19-foot step back jumpshot,5,379,132,
141,400828509382,"{'number': 3, 'displayValue': '3rd Quarter'}",Andre Iguodala makes free throw 1 of 2,away,True,"{'id': '2386', 'name': 'Andre Iguodala'}","{'x': 25, 'y': -8}",True,"{'id': '98', 'txt': 'Free Throw - 1 of 2'}",True,25,-8,2:53,3,95,59,Andre Iguodala makes free throw 1 of 2,9,382,98,True
142,400828509384,"{'number': 3, 'displayValue': '3rd Quarter'}",Andre Iguodala makes free throw 2 of 2,away,True,"{'id': '2386', 'name': 'Andre Iguodala'}","{'x': 25, 'y': -8}",True,"{'id': '99', 'txt': 'Free Throw - 2 of 2'}",True,25,-8,2:53,3,96,59,Andre Iguodala makes free throw 2 of 2,9,384,99,True
143,400828509386,"{'number': 3, 'displayValue': '3rd Quarter'}",Matthew Dellavedova makes 26-foot  three point jumper  (LeBron James assists),home,True,"{'id': '2489716', 'name': 'Matthew Dellavedova'}","{'x': 48, 'y': 13}",True,"{'id': '92', 'txt': 'Jump Shot'}",,48,13,2:27,3,96,62,Matthew Dellavedova makes 26-foot  three point jumper  (LeBron James assists),5,386,92,True
144,400828509387,"{'number': 3, 'displayValue': '3rd Quarter'}",Andre Iguodala makes  three point jumper  (Draymond Green assists),away,True,"{'id': '2386', 'name': 'Andre Iguodala'}","{'x': 1, 'y': -1}",True,"{'id': '92', 'txt': 'Jump Shot'}",,1,-1,2:11,3,99,62,Andre Iguodala makes  three point jumper  (Draymond Green assists),9,387,92,True
145,400828509388,"{'number': 3, 'displayValue': '3rd Quarter'}",Matthew Dellavedova  misses 14-foot jump bank shot,home,,"{'id': '2489716', 'name': 'Matthew Dellavedova'}","{'x': 13, 'y': 6}",True,"{'id': '122', 'txt': 'Jump Shot Bank'}",,13,6,1:54,3,99,62,Matthew Dellavedova  misses 14-foot jump bank shot,5,388,122,
146,400828509390,"{'number': 3, 'displayValue': '3rd Quarter'}",LeBron James blocks Leandro Barbosa's  shot,away,,"{'id': '2166', 'name': 'Leandro Barbosa'}","{'x': 25, 'y': 3}",True,"{'id': '109', 'txt': 'Running Layup Shot'}",,25,3,1:50,3,99,62,LeBron James blocks Leandro Barbosa's  shot,9,390,109,
147,400828509392,"{'number': 3, 'displayValue': '3rd Quarter'}",Leandro Barbosa  misses three point jumper ,away,,"{'id': '2166', 'name': 'Leandro Barbosa'}","{'x': 1, 'y': 0}",True,"{'id': '92', 'txt': 'Jump Shot'}",,1,0,1:31,3,99,62,Leandro Barbosa  misses three point jumper ,9,392,92,
148,400828509394,"{'number': 3, 'displayValue': '3rd Quarter'}",Leandro Barbosa makes 20-foot jumper,away,True,"{'id': '2166', 'name': 'Leandro Barbosa'}","{'x': 9, 'y': 12}",True,"{'id': '92', 'txt': 'Jump Shot'}",,9,12,1:15,3,101,62,Leandro Barbosa makes 20-foot jumper,9,394,92,True
149,400828509395,"{'number': 3, 'displayValue': '3rd Quarter'}",LeBron James makes driving layup (Matthew Dellavedova assists),home,True,"{'id': '1966', 'name': 'LeBron James'}","{'x': 24, 'y': -1}",True,"{'id': '110', 'txt': 'Driving Layup Shot'}",,24,-1,54.0,3,101,64,LeBron James makes driving layup (Matthew Dellavedova assists),5,395,110,True
150,400828509396,"{'number': 3, 'displayValue': '3rd Quarter'}",Stephen Curry makes 26-foot  three point jumper ,away,True,"{'id': '3975', 'name': 'Stephen Curry'}","{'x': 31, 'y': 25}",True,"{'id': '92', 'txt': 'Jump Shot'}",,31,25,41.0,3,104,64,Stephen Curry makes 26-foot  three point jumper ,9,396,92,True
151,400828509397,"{'number': 3, 'displayValue': '3rd Quarter'}",Matthew Dellavedova makes 25-foot  three point jumper  (LeBron James assists),home,True,"{'id': '2489716', 'name': 'Matthew Dellavedova'}","{'x': 13, 'y': 22}",True,"{'id': '92', 'txt': 'Jump Shot'}",,13,22,29.0,3,104,67,Matthew Dellavedova makes 25-foot  three point jumper  (LeBron James assists),5,397,92,True
152,400828509398,"{'number': 3, 'displayValue': '3rd Quarter'}",Stephen Curry  misses 25-foot three point jumper ,away,,"{'id': '3975', 'name': 'Stephen Curry'}","{'x': 34, 'y': 23}",True,"{'id': '92', 'txt': 'Jump Shot'}",,34,23,11.0,3,104,67,Stephen Curry  misses 25-foot three point jumper ,9,398,92,
153,400828509402,"{'number': 3, 'displayValue': '3rd Quarter'}",Leandro Barbosa  misses 26-foot three point jumper ,away,,"{'id': '2166', 'name': 'Leandro Barbosa'}","{'x': 1, 'y': 11}",True,"{'id': '92', 'txt': 'Jump Shot'}",,1,11,0.0,3,104,67,Leandro Barbosa  misses 26-foot three point jumper ,9,402,92,
154,400828509409,"{'number': 4, 'displayValue': '4th Quarter'}",Leandro Barbosa makes free throw 1 of 2,away,True,"{'id': '2166', 'name': 'Leandro Barbosa'}","{'x': 25, 'y': -8}",True,"{'id': '98', 'txt': 'Free Throw - 1 of 2'}",True,25,-8,11:41,4,105,67,Leandro Barbosa makes free throw 1 of 2,9,409,98,True
155,400828509411,"{'number': 4, 'displayValue': '4th Quarter'}",Leandro Barbosa makes free throw 2 of 2,away,True,"{'id': '2166', 'name': 'Leandro Barbosa'}","{'x': 25, 'y': -8}",True,"{'id': '99', 'txt': 'Free Throw - 2 of 2'}",True,25,-8,11:41,4,106,67,Leandro Barbosa makes free throw 2 of 2,9,411,99,True
156,400828509413,"{'number': 4, 'displayValue': '4th Quarter'}",Iman Shumpert makes jumper (Matthew Dellavedova assists),home,True,"{'id': '6468', 'name': 'Iman Shumpert'}","{'x': 40, 'y': -2}",True,"{'id': '92', 'txt': 'Jump Shot'}",,40,-2,11:29,4,106,69,Iman Shumpert makes jumper (Matthew Dellavedova assists),5,413,92,True
157,400828509414,"{'number': 4, 'displayValue': '4th Quarter'}",Andre Iguodala makes 24-foot  three point jumper ,away,True,"{'id': '2386', 'name': 'Andre Iguodala'}","{'x': 35, 'y': 22}",True,"{'id': '92', 'txt': 'Jump Shot'}",,35,22,11:10,4,109,69,Andre Iguodala makes 24-foot  three point jumper ,9,414,92,True
158,400828509416,"{'number': 4, 'displayValue': '4th Quarter'}",Andre Iguodala makes 25-foot  three point jumper  (Leandro Barbosa assists),away,True,"{'id': '2386', 'name': 'Andre Iguodala'}","{'x': 41, 'y': 19}",True,"{'id': '92', 'txt': 'Jump Shot'}",,41,19,10:41,4,112,69,Andre Iguodala makes 25-foot  three point jumper  (Leandro Barbosa assists),9,416,92,True
159,400828509420,"{'number': 4, 'displayValue': '4th Quarter'}",Matthew Dellavedova makes 23-foot jumper (Jared Cunningham assists),home,True,"{'id': '2489716', 'name': 'Matthew Dellavedova'}","{'x': 7, 'y': 14}",True,"{'id': '92', 'txt': 'Jump Shot'}",,7,14,10:26,4,112,71,Matthew Dellavedova makes 23-foot jumper (Jared Cunningham assists),5,420,92,True
160,400828509422,"{'number': 4, 'displayValue': '4th Quarter'}",Harrison Barnes makes 17-foot jumper (Shaun Livingston assists),away,True,"{'id': '6578', 'name': 'Harrison Barnes'}","{'x': 9, 'y': 6}",True,"{'id': '92', 'txt': 'Jump Shot'}",,9,6,10:08,4,114,71,Harrison Barnes makes 17-foot jumper (Shaun Livingston assists),9,422,92,True
161,400828509431,"{'number': 4, 'displayValue': '4th Quarter'}",Matthew Dellavedova  misses 15-foot two point shot,home,,"{'id': '2489716', 'name': 'Matthew Dellavedova'}","{'x': 35, 'y': 12}",True,"{'id': '130', 'txt': 'Floating Jump Shot'}",,35,12,9:07,4,114,71,Matthew Dellavedova  misses 15-foot two point shot,5,431,130,
162,400828509433,"{'number': 4, 'displayValue': '4th Quarter'}",Harrison Barnes  misses 23-foot three point jumper ,away,,"{'id': '6578', 'name': 'Harrison Barnes'}","{'x': 48, 'y': 2}",True,"{'id': '92', 'txt': 'Jump Shot'}",,48,2,8:59,4,114,71,Harrison Barnes  misses 23-foot three point jumper ,9,433,92,
163,400828509440,"{'number': 4, 'displayValue': '4th Quarter'}",Iman Shumpert makes free throw 1 of 2,home,True,"{'id': '6468', 'name': 'Iman Shumpert'}","{'x': 25, 'y': -8}",True,"{'id': '98', 'txt': 'Free Throw - 1 of 2'}",True,25,-8,8:52,4,114,72,Iman Shumpert makes free throw 1 of 2,5,440,98,True
164,400828509442,"{'number': 4, 'displayValue': '4th Quarter'}",Iman Shumpert misses free throw 2 of 2,home,,"{'id': '6468', 'name': 'Iman Shumpert'}","{'x': 25, 'y': -8}",True,"{'id': '99', 'txt': 'Free Throw - 2 of 2'}",True,25,-8,8:52,4,114,72,Iman Shumpert misses free throw 2 of 2,5,442,99,
165,400828509445,"{'number': 4, 'displayValue': '4th Quarter'}",Jared Cunningham makes dunk (Matthew Dellavedova assists),home,True,"{'id': '6582', 'name': 'Jared Cunningham'}","{'x': 25, 'y': 0}",True,"{'id': '96', 'txt': 'Dunk Shot'}",,25,0,8:37,4,114,74,Jared Cunningham makes dunk (Matthew Dellavedova assists),5,445,96,True
166,400828509446,"{'number': 4, 'displayValue': '4th Quarter'}",Marreese Speights  misses 18-foot jumper,away,,"{'id': '3460', 'name': 'Marreese Speights'}","{'x': 37, 'y': 13}",True,"{'id': '92', 'txt': 'Jump Shot'}",,37,13,8:18,4,114,74,Marreese Speights  misses 18-foot jumper,9,446,92,
167,400828509448,"{'number': 4, 'displayValue': '4th Quarter'}",Iman Shumpert makes driving layup,home,True,"{'id': '6468', 'name': 'Iman Shumpert'}","{'x': 25, 'y': 0}",True,"{'id': '110', 'txt': 'Driving Layup Shot'}",,25,0,8:07,4,114,76,Iman Shumpert makes driving layup,5,448,110,True
168,400828509450,"{'number': 4, 'displayValue': '4th Quarter'}",Iman Shumpert makes free throw 1 of 1,home,True,"{'id': '6468', 'name': 'Iman Shumpert'}","{'x': 25, 'y': -8}",True,"{'id': '97', 'txt': 'Free Throw - 1 of 1'}",True,25,-8,8:07,4,114,77,Iman Shumpert makes free throw 1 of 1,5,450,97,True
169,400828509453,"{'number': 4, 'displayValue': '4th Quarter'}",Harrison Barnes makes 26-foot  three point jumper  (Ian Clark assists),away,True,"{'id': '6578', 'name': 'Harrison Barnes'}","{'x': 8, 'y': 19}",True,"{'id': '92', 'txt': 'Jump Shot'}",,8,19,7:46,4,117,77,Harrison Barnes makes 26-foot  three point jumper  (Ian Clark assists),9,453,92,True
170,400828509455,"{'number': 4, 'displayValue': '4th Quarter'}",Marreese Speights makes 21-foot jumper (Shaun Livingston assists),away,True,"{'id': '3460', 'name': 'Marreese Speights'}","{'x': 24, 'y': 21}",True,"{'id': '92', 'txt': 'Jump Shot'}",,24,21,7:15,4,119,79,Marreese Speights makes 21-foot jumper (Shaun Livingston assists),9,455,92,True
171,400828509456,"{'number': 4, 'displayValue': '4th Quarter'}",Matthew Dellavedova makes 25-foot  three point jumper ,home,True,"{'id': '2489716', 'name': 'Matthew Dellavedova'}","{'x': 14, 'y': 22}",True,"{'id': '92', 'txt': 'Jump Shot'}",,14,22,6:56,4,119,82,Matthew Dellavedova makes 25-foot  three point jumper ,5,456,92,True
172,400828509464,"{'number': 4, 'displayValue': '4th Quarter'}",Richard Jefferson makes free throw 1 of 2,home,True,"{'id': '1006', 'name': 'Richard Jefferson'}","{'x': 25, 'y': -8}",True,"{'id': '98', 'txt': 'Free Throw - 1 of 2'}",True,25,-8,6:33,4,119,83,Richard Jefferson makes free throw 1 of 2,5,464,98,True
173,400828509466,"{'number': 4, 'displayValue': '4th Quarter'}",Richard Jefferson makes free throw 2 of 2,home,True,"{'id': '1006', 'name': 'Richard Jefferson'}","{'x': 25, 'y': -8}",True,"{'id': '99', 'txt': 'Free Throw - 2 of 2'}",True,25,-8,6:33,4,119,84,Richard Jefferson makes free throw 2 of 2,5,466,99,True
174,400828509469,"{'number': 4, 'displayValue': '4th Quarter'}",Marreese Speights  misses 16-foot jumper,away,,"{'id': '3460', 'name': 'Marreese Speights'}","{'x': 30, 'y': 15}",True,"{'id': '92', 'txt': 'Jump Shot'}",,30,15,6:20,4,119,84,Marreese Speights  misses 16-foot jumper,9,469,92,
175,400828509471,"{'number': 4, 'displayValue': '4th Quarter'}",Anderson Varejao  misses 8-foot two point shot,home,,"{'id': '2419', 'name': 'Anderson Varejao'}","{'x': 33, 'y': 1}",True,"{'id': '114', 'txt': 'Turnaround Jump Shot'}",,33,1,6:00,4,119,84,Anderson Varejao  misses 8-foot two point shot,5,471,114,
176,400828509477,"{'number': 4, 'displayValue': '4th Quarter'}",Marreese Speights makes free throw 1 of 2,away,True,"{'id': '3460', 'name': 'Marreese Speights'}","{'x': 25, 'y': -8}",True,"{'id': '98', 'txt': 'Free Throw - 1 of 2'}",True,25,-8,5:43,4,120,84,Marreese Speights makes free throw 1 of 2,9,477,98,True
177,400828509479,"{'number': 4, 'displayValue': '4th Quarter'}",Marreese Speights makes free throw 2 of 2,away,True,"{'id': '3460', 'name': 'Marreese Speights'}","{'x': 25, 'y': -8}",True,"{'id': '99', 'txt': 'Free Throw - 2 of 2'}",True,25,-8,5:43,4,121,84,Marreese Speights makes free throw 2 of 2,9,479,99,True
178,400828509488,"{'number': 4, 'displayValue': '4th Quarter'}",Anderson Varejao makes free throw 1 of 2,home,True,"{'id': '2419', 'name': 'Anderson Varejao'}","{'x': 25, 'y': -8}",True,"{'id': '98', 'txt': 'Free Throw - 1 of 2'}",True,25,-8,5:33,4,121,85,Anderson Varejao makes free throw 1 of 2,5,488,98,True
179,400828509490,"{'number': 4, 'displayValue': '4th Quarter'}",Anderson Varejao misses free throw 2 of 2,home,,"{'id': '2419', 'name': 'Anderson Varejao'}","{'x': 25, 'y': -8}",True,"{'id': '99', 'txt': 'Free Throw - 2 of 2'}",True,25,-8,5:33,4,121,85,Anderson Varejao misses free throw 2 of 2,5,490,99,
180,400828509493,"{'number': 4, 'displayValue': '4th Quarter'}",Ian Clark  misses 14-foot jumper,away,,"{'id': '2489785', 'name': 'Ian Clark'}","{'x': 38, 'y': 6}",True,"{'id': '92', 'txt': 'Jump Shot'}",,38,6,5:18,4,121,85,Ian Clark  misses 14-foot jumper,9,493,92,
181,400828509495,"{'number': 4, 'displayValue': '4th Quarter'}",Richard Jefferson makes 23-foot  three point jumper  (Anderson Varejao assists),home,True,"{'id': '1006', 'name': 'Richard Jefferson'}","{'x': 48, 'y': 1}",True,"{'id': '92', 'txt': 'Jump Shot'}",,48,1,5:07,4,121,88,Richard Jefferson makes 23-foot  three point jumper  (Anderson Varejao assists),5,495,92,True
182,400828509496,"{'number': 4, 'displayValue': '4th Quarter'}",Leandro Barbosa makes jumper (Jason Thompson assists),away,True,"{'id': '2166', 'name': 'Leandro Barbosa'}","{'x': 25, 'y': 16}",True,"{'id': '92', 'txt': 'Jump Shot'}",,25,16,4:50,4,123,88,Leandro Barbosa makes jumper (Jason Thompson assists),9,496,92,True
183,400828509497,"{'number': 4, 'displayValue': '4th Quarter'}",Jared Cunningham  misses 6-foot jump bank shot,home,,"{'id': '6582', 'name': 'Jared Cunningham'}","{'x': 29, 'y': 5}",True,"{'id': '122', 'txt': 'Jump Shot Bank'}",,29,5,4:37,4,123,88,Jared Cunningham  misses 6-foot jump bank shot,5,497,122,
184,400828509499,"{'number': 4, 'displayValue': '4th Quarter'}",Brandon Rush makes 25-foot  three point jumper  (Ian Clark assists),away,True,"{'id': '3457', 'name': 'Brandon Rush'}","{'x': 37, 'y': 22}",True,"{'id': '92', 'txt': 'Jump Shot'}",,37,22,4:28,4,126,88,Brandon Rush makes 25-foot  three point jumper  (Ian Clark assists),9,499,92,True
185,400828509500,"{'number': 4, 'displayValue': '4th Quarter'}",James Jones makes 16-foot jumper (Matthew Dellavedova assists),home,True,"{'id': '2009', 'name': 'James Jones'}","{'x': 39, 'y': 8}",True,"{'id': '92', 'txt': 'Jump Shot'}",,39,8,4:16,4,126,90,James Jones makes 16-foot jumper (Matthew Dellavedova assists),5,500,92,True
186,400828509517,"{'number': 4, 'displayValue': '4th Quarter'}",Richard Jefferson blocks Brandon Rush's  layup,away,,"{'id': '3457', 'name': 'Brandon Rush'}","{'x': 28, 'y': 0}",True,"{'id': '110', 'txt': 'Driving Layup Shot'}",,28,0,3:54,4,126,90,Richard Jefferson blocks Brandon Rush's  layup,9,517,110,
187,400828509503,"{'number': 4, 'displayValue': '4th Quarter'}",Marreese Speights  misses jumper,away,,"{'id': '3460', 'name': 'Marreese Speights'}","{'x': 42, 'y': -1}",True,"{'id': '92', 'txt': 'Jump Shot'}",,42,-1,3:50,4,126,90,Marreese Speights  misses jumper,9,503,92,
188,400828509505,"{'number': 4, 'displayValue': '4th Quarter'}",Matthew Dellavedova  misses 25-foot three point jumper ,home,,"{'id': '2489716', 'name': 'Matthew Dellavedova'}","{'x': 8, 'y': 19}",True,"{'id': '92', 'txt': 'Jump Shot'}",,8,19,3:39,4,126,90,Matthew Dellavedova  misses 25-foot three point jumper ,5,505,92,
189,400828509507,"{'number': 4, 'displayValue': '4th Quarter'}",Brandon Rush  misses 26-foot three point jumper ,away,,"{'id': '3457', 'name': 'Brandon Rush'}","{'x': 12, 'y': 23}",True,"{'id': '92', 'txt': 'Jump Shot'}",,12,23,3:31,4,126,90,Brandon Rush  misses 26-foot three point jumper ,9,507,92,
190,400828509509,"{'number': 4, 'displayValue': '4th Quarter'}",James Jones  misses 24-foot three point jumper ,home,,"{'id': '2009', 'name': 'James Jones'}","{'x': 44, 'y': 15}",True,"{'id': '92', 'txt': 'Jump Shot'}",,44,15,3:21,4,126,90,James Jones  misses 24-foot three point jumper ,5,509,92,
191,400828509511,"{'number': 4, 'displayValue': '4th Quarter'}",Ian Clark  misses 20-foot jumper,away,,"{'id': '2489785', 'name': 'Ian Clark'}","{'x': 15, 'y': 17}",True,"{'id': '92', 'txt': 'Jump Shot'}",,15,17,3:10,4,126,90,Ian Clark  misses 20-foot jumper,9,511,92,
192,400828509521,"{'number': 4, 'displayValue': '4th Quarter'}",Jared Cunningham makes free throw 1 of 2,home,True,"{'id': '6582', 'name': 'Jared Cunningham'}","{'x': 25, 'y': -8}",True,"{'id': '98', 'txt': 'Free Throw - 1 of 2'}",True,25,-8,3:03,4,126,91,Jared Cunningham makes free throw 1 of 2,5,521,98,True
193,400828509523,"{'number': 4, 'displayValue': '4th Quarter'}",Jared Cunningham makes free throw 2 of 2,home,True,"{'id': '6582', 'name': 'Jared Cunningham'}","{'x': 25, 'y': -8}",True,"{'id': '99', 'txt': 'Free Throw - 2 of 2'}",True,25,-8,3:03,4,126,92,Jared Cunningham makes free throw 2 of 2,5,523,99,True
194,400828509526,"{'number': 4, 'displayValue': '4th Quarter'}",Jason Thompson makes free throw 1 of 2,away,True,"{'id': '3462', 'name': 'Jason Thompson'}","{'x': 25, 'y': -8}",True,"{'id': '98', 'txt': 'Free Throw - 1 of 2'}",True,25,-8,2:48,4,127,92,Jason Thompson makes free throw 1 of 2,9,526,98,True
195,400828509528,"{'number': 4, 'displayValue': '4th Quarter'}",Jason Thompson misses free throw 2 of 2,away,,"{'id': '3462', 'name': 'Jason Thompson'}","{'x': 25, 'y': -8}",True,"{'id': '99', 'txt': 'Free Throw - 2 of 2'}",True,25,-8,2:48,4,127,92,Jason Thompson misses free throw 2 of 2,9,528,99,
196,400828509532,"{'number': 4, 'displayValue': '4th Quarter'}",Leandro Barbosa makes two point shot (Brandon Rush assists),away,True,"{'id': '2166', 'name': 'Leandro Barbosa'}","{'x': 25, 'y': 2}",True,"{'id': '109', 'txt': 'Running Layup Shot'}",,25,2,2:33,4,129,92,Leandro Barbosa makes two point shot (Brandon Rush assists),9,532,109,True
197,400828509533,"{'number': 4, 'displayValue': '4th Quarter'}",James Jones makes  three point jumper  (Anderson Varejao assists),home,True,"{'id': '2009', 'name': 'James Jones'}","{'x': 25, 'y': 25}",True,"{'id': '92', 'txt': 'Jump Shot'}",,25,25,2:17,4,129,95,James Jones makes  three point jumper  (Anderson Varejao assists),5,533,92,True
198,400828509534,"{'number': 4, 'displayValue': '4th Quarter'}",Ian Clark makes 26-foot  three point jumper  (Leandro Barbosa assists),away,True,"{'id': '2489785', 'name': 'Ian Clark'}","{'x': 9, 'y': 20}",True,"{'id': '92', 'txt': 'Jump Shot'}",,9,20,2:03,4,132,95,Ian Clark makes 26-foot  three point jumper  (Leandro Barbosa assists),9,534,92,True
199,400828509535,"{'number': 4, 'displayValue': '4th Quarter'}",James Jones  misses 26-foot three point jumper ,home,,"{'id': '2009', 'name': 'James Jones'}","{'x': 1, 'y': 11}",True,"{'id': '92', 'txt': 'Jump Shot'}",,1,11,1:39,4,132,95,James Jones  misses 26-foot three point jumper ,5,535,92,
200,400828509537,"{'number': 4, 'displayValue': '4th Quarter'}",Ian Clark  misses 27-foot three point jumper ,away,,"{'id': '2489785', 'name': 'Ian Clark'}","{'x': 6, 'y': 18}",True,"{'id': '92', 'txt': 'Jump Shot'}",,6,18,1:28,4,132,95,Ian Clark  misses 27-foot three point jumper ,9,537,92,
201,400828509540,"{'number': 4, 'displayValue': '4th Quarter'}",Jason Thompson  misses 10-foot step back jumpshot,away,,"{'id': '3462', 'name': 'Jason Thompson'}","{'x': 34, 'y': 5}",True,"{'id': '132', 'txt': 'Step Back Jump Shot'}",,34,5,59.0,4,132,97,Jason Thompson  misses 10-foot step back jumpshot,9,540,132,
202,400828509544,"{'number': 4, 'displayValue': '4th Quarter'}",Jared Cunningham misses free throw 1 of 2,home,,"{'id': '6582', 'name': 'Jared Cunningham'}","{'x': 25, 'y': -8}",True,"{'id': '98', 'txt': 'Free Throw - 1 of 2'}",True,25,-8,41.0,4,132,97,Jared Cunningham misses free throw 1 of 2,5,544,98,
203,400828509546,"{'number': 4, 'displayValue': '4th Quarter'}",Jared Cunningham makes free throw 2 of 2,home,True,"{'id': '6582', 'name': 'Jared Cunningham'}","{'x': 25, 'y': -8}",True,"{'id': '99', 'txt': 'Free Throw - 2 of 2'}",True,25,-8,41.0,4,132,98,Jared Cunningham makes free throw 2 of 2,5,546,99,True
204,400828509549,"{'number': 4, 'displayValue': '4th Quarter'}",Ian Clark  misses 27-foot three point jumper ,away,,"{'id': '2489785', 'name': 'Ian Clark'}","{'x': 37, 'y': 24}",True,"{'id': '92', 'txt': 'Jump Shot'}",,37,24,21.0,4,132,98,Ian Clark  misses 27-foot three point jumper ,9,549,92,
205,400828509552,"{'number': 4, 'displayValue': '4th Quarter'}",Jared Cunningham  misses 25-foot three point jumper ,home,,"{'id': '6582', 'name': 'Jared Cunningham'}","{'x': 26, 'y': 25}",True,"{'id': '92', 'txt': 'Jump Shot'}",,26,25,6.0,4,132,98,Jared Cunningham  misses 25-foot three point jumper ,5,552,92,
